<?xml version="1.0" encoding="UTF-8"?>
<project-private xmlns="http://www.netbeans.org/ns/project-private/1">
    <editor-bookmarks xmlns="http://www.netbeans.org/ns/editor-bookmarks/2" lastBookmarkId="0"/>
    <open-files xmlns="http://www.netbeans.org/ns/projectui-open-files/2">
        <group>
            <file>file:/D:/PRJ301/ProjectPRJ/src/java/controller/OrderHistoryServlet.java</file>
            <file>file:/D:/PRJ301/ProjectPRJ/web/customer-view-products.jsp</file>
            <file>file:/D:/PRJ301/ProjectPRJ/web/WEB-INF/web.xml</file>
            <file>file:/D:/PRJ301/ProjectPRJ/src/java/model/OrderDetail.java</file>
            <file>file:/D:/PRJ301/ProjectPRJ/web/checkout-success.jsp</file>
            <file>file:/D:/PRJ301/ProjectPRJ/src/java/controller/CheckoutServlet.java</file>
            <file>file:/D:/PRJ301/ProjectPRJ/src/java/model/Cart.java</file>
            <file>file:/D:/PRJ301/ProjectPRJ/src/java/model/Medicine.java</file>
            <file>file:/D:/PRJ301/ProjectPRJ/src/java/model/CartItem.java</file>
            <file>file:/D:/PRJ301/ProjectPRJ/web/cart-view.jsp</file>
            <file>file:/D:/PRJ301/ProjectPRJ/web/checkout.jsp</file>
            <file>file:/D:/PRJ301/ProjectPRJ/web/order-history.jsp</file>
            <file>file:/D:/PRJ301/ProjectPRJ/src/java/dao/EmployeeDAO.java</file>
            <file>file:/D:/PRJ301/ProjectPRJ/web/order-success.jsp</file>
            <file>file:/D:/PRJ301/ProjectPRJ/src/java/controller/CustomerViewProductsServlet.java</file>
            <file>file:/D:/PRJ301/ProjectPRJ/src/java/model/Customer.java</file>
            <file>file:/D:/PRJ301/ProjectPRJ/src/java/service/CustomerServiceImpl.java</file>
            <file>file:/D:/PRJ301/ProjectPRJ/src/java/controller/OrderServlet.java</file>
            <file>file:/D:/PRJ301/ProjectPRJ/web/customer-login.jsp</file>
            <file>file:/D:/PRJ301/ProjectPRJ/src/java/model/Order.java</file>
            <file>file:/D:/PRJ301/ProjectPRJ/src/java/dao/MedicineDAO.java</file>
            <file>file:/D:/PRJ301/ProjectPRJ/src/java/controller/CartServlet.java</file>
            <file>file:/D:/PRJ301/ProjectPRJ/src/java/dao/OrderDAO.java</file>
        </group>
    </open-files>
</project-private>
